,id_producto,precio,categoria,descripcion
0,P0001,58.91,Clothing,6GJFfPug1voQYH3zfXItpbjwRA7VVT64DGtG8VnRXaJJZ0SYJa
1,P0002,15.67,Electronics,Ai3c6EdaRU5C0WuWl718dSYHakqGLiMJmpbVgn7iq6syGN3UJP
2,P0003,50.58,Sports & Outdoors,yMidjq8PGxKEf6YFWfUKJN1sDhyIs2xareF0uaA4ngzUgmrDKc
3,P0004,72.88,Sports & Outdoors,E8LBdxZItLULWZUyKPwzkjZJHD2GOSuqR7Od4DX5624ex1t5lN
4,P0005,70.23,Books,zQLYUssRkFNu2GcCd8xBPrc5xiJH5DGQ66A0X4TFU0cHeazM6o
5,P0006,38.15,Home & Kitchen,BWTEBnPofLlnlzXIs7YGgeCuEdkHaoAptjWkFF3K6fWFreSdkj
6,P0007,29.46,Books,wRY7bHnZGHvTI0Wohm402P4HiSvNdT6rlMn3yPP5t2eYEUfYXD
7,P0008,84.19,Clothing,BwMy4M0Yd7xVeG9VBApK2M5w0jZNBBUxdDBmNI7wMl05DFzgyF
8,P0009,22.99,Books,ZYe56DXTf6Sq3LYpZM1aWlmrV3IBFsGccHDrvKknWrLigT7s7f
9,P0010,32.4,Books,DOCqX8LOw4BTNdjymZDf6pnZVYsVY4UwoUmOpEmAZYCijM4UJf
10,P0011,63.02,Electronics,tHlni48qZJ6w17vjViy3vKpPaWRwMrM2DG8QOFCF9ePv7AC1jv
11,P0012,45.54,Books,xMGNVYTr8m8NUWZ3lBfqq0UUxabBpNKyGR7YT3UjFzKeo4xhhG
12,P0013,7.98,Clothing,ymtkyN705n9yFHRcyOrxzrXn5d9E4NPvL2YlWqsUrTOpYuzzKN
13,P0014,75.97,Sports & Outdoors,dcIClgjCIsF6We0JkaOD2A3ryGW5T2Q1bIlqlJbZf2SAYjxvRZ
14,P0015,5.46,Sports & Outdoors,xCLI2GsjQOVjo6k8HbRIvjVJPB0OgOSscCAnoJ8LBqIXtrliAk
15,P0016,6.71,Clothing,zQP4kP8MnvlolgPEsAHYxDW7N7dI61c8FGdLNFqHcueCo1DbPb
16,P0017,84.45,Home & Kitchen,7O5sRtqsuUuwVHzaAnBe4I18BbY6uYCLJmz1F8kCBh33cgQEm6
17,P0018,59.04,Clothing,yqCWNCHEMUCEOgxFPngcHw5gvhU6eystFIThXrQahhXbMuYW4j
18,P0019,73.97,Clothing,WcmoRsvoNdAwMxSZawBaQTYraIQjiVMXxljK9awnkuc1I7lCSK
19,P0020,68.71,Clothing,9jbIBq5DfAhKkyyfHySIgf28dh24cSUXpXUpEOquUZhr85sV9A
20,P0021,35.12,Home & Kitchen,AMoiuIwS1xOgxsRVs3rwD4649qR9aUkalDcaq2jhxDw8Afdxab
21,P0022,42.43,Sports & Outdoors,A0zMzYmRjdLaudH6kh8USek3F8m6hPDaa9LenPLPPQFJIx5Clz
22,P0023,21.95,Clothing,QStJ3In5wZHrL7K3KGxeqzVVCy0HaUlv3bKyO6yP24NDnED3Ja
23,P0024,85.57,Sports & Outdoors,zGLdQAVO1D6LoZTmYSOxjo7kemb6ciJmnCx27cXHRTtazU072s
24,P0025,83.8,Home & Kitchen,l47hrLi8h1vBk93tcIyc59xf6rguIvP8pFYQrn3RYvXkfqibfI
25,P0026,89.25,Electronics,Xox9iFw7bo4HWmnbZ8i0RMJ8VUlgk8DNj0gPLH5GsZmYGruuPA
26,P0027,33.85,Books,0f0fAwqXcxXcwZNNChFYnwjyQg8HIHpnfCUQHKsP6xKT5ZB4pN
27,P0028,77.59,Clothing,i2efKv7Rt5H3sXdGaU4ytl2SsYOdu2VQLcPR40c2oCuCl3plR0
28,P0029,11.17,Home & Kitchen,nBO0y9HToKcw6xTRMSFxT218HTp0wpwtDw3GguyclhbeSa0hul
29,P0030,41.77,Electronics,cBllpmITbDLNjPqy0CuYFDkhNZeHHaZEpDJ930il1LiHo3WGpG
30,P0031,67.17,Clothing,tVTYDdfeZnc0qK182IuqbjLvDXIJzt88Ybr2wrxwmnZORYZbfr
31,P0032,87.49,Clothing,aADrV3Dtw6br9AvzW3iMIl9wlNgaFI8gw06BqIoormQqxQMnAh
32,P0033,58.98,Books,2mjZBczXVxTkoc3g0d3vK01GRq9eFNOruOuKcakM00Hf6jIiZA
33,P0034,94.16,Sports & Outdoors,bUqpklkoNewvr6t3HaWYtrY6lKZgnJeG94edpxmUm3YDfQ3WIy
34,P0035,93.23,Clothing,2aZJvLHJPIcinBX92ZxEeUJ1wYzlQYwc5IFB33YWVUDYIZwvLw
35,P0036,6.48,Books,W3aIOjd1MbpOkQiO9lZXUBIBc84twIGCLyXgnzOe8RULRBdjS8
36,P0037,71.19,Clothing,IxgPubEysQUVdxla5xri8SPBu5fsnTF0N8b9oBYzfRDFOqvD7t
37,P0038,19.83,Electronics,xd5qrZywJy8eEuYbcQ6cE28BBzs9ArjBZ50jbOOig8fBR4EbGe
38,P0039,69.0,Books,gN71LKOwRokixHVBj8TzT6zquXGiwwSxQOuK6vRffkW7tvDKp7
39,P0040,35.57,Books,Gjk8XYrOTszBPa15u9rNHLg126pst11c4c7DR1w3nR5vhzvqEp
40,P0041,29.29,Home & Kitchen,ScaEvjEBxKAgnVrZHQPpij6LUPnRiXoXrRbbWjwmMgb7ocrzKO
41,P0042,48.64,Electronics,xlLbegZrem9qbiXvREIboJbX4Pr97QrjJlfZWPmKDZHgYd4jZD
42,P0043,7.38,Clothing,a4JphBQdhy1zmA4rffuucTPOM1OLcMoS4nXRjjiDLlE2aCR5ZT
43,P0044,10.71,Electronics,gfZFRpNOuNIgY2KNhcPbE3oF0nx484p5gP8N6BHkfaO34wae9P
44,P0045,23.68,Sports & Outdoors,fkB8huW9CyZFdtreKrnH89elAeV7lteDNfmElMji05Ptqtmp3W
45,P0046,7.71,Home & Kitchen,0t5NjYTfp3L5uxHo8gw2jzWi0ddwESO5mnxmemlj88SAXaUs8v
46,P0047,68.74,Clothing,y94aapE9fFZfCA3QJ1EZDItdpE8niuID9NVQZpFEi2u9AUpKHm
47,P0048,22.93,Clothing,hgJXmz70C970r5Yiibiyf70txdUfMrCd65KupdTDlUi3NnQyQH
48,P0049,2.65,Books,mzb97TkZFjJRGUK2BOMNO59RjHzQFbgLRJ4GgAxtnKShqGgfRL
49,P0050,25.64,Sports & Outdoors,h5HV0TGMbqB6g86tkvXtcsdpqLAIgJYK7weM7lSFauwYqif2FY
50,P0051,53.88,Books,TbUVkQFBxeuk8TOZAbtvCdDHY1azBcku54WJTMIcEhJHUHhyop
51,P0052,91.26,Sports & Outdoors,pdYA30f99HhgFDbwsTw2uKQZQkDNXxxqt4b2DLlDYqx6IFCIy8
52,P0053,17.64,Sports & Outdoors,tLtbFqr86FcNi7x7jWOpVawXBMR98v1WiyAP0AzJddtbbkR9CI
53,P0054,26.61,Sports & Outdoors,sEihCuiVpm4sluVcUew1HecMoPbnkDzjbc4sYPYhwxRAuOJoGe
54,P0055,99.56,Sports & Outdoors,2f5es6RfOEU5TjbsidVfblD3Qpl7pa57qwN0gOOOBsF0QAD74U
55,P0056,34.88,Home & Kitchen,24631cEqnA5jqE4xIZAx3g8Sma207vyoCoRg5QyqIyyGWXcQIK
56,P0057,74.31,Electronics,dcviGSuHA8rW4q9Yp1MJSSY3LJIw5B0XYyFD7GzlLIQIGGK3xb
57,P0058,32.91,Clothing,vgI8cJZptxVCG1Da0gx2WzCEGrwwhAPgP55AB3npnkdKUDzQrm
58,P0059,94.32,Books,1PMNFWaEKkmubOdNPz8ev2UAV56e1E8VGJl5KebOoGql8ShrHA
59,P0060,35.62,Electronics,UNFtRhNCd1Fcb9ekHbpp0noYKkejs4IPs4iwbv14yyO9CIuuP7
60,P0061,75.68,Electronics,Ybqa43ToGpoRIyifjZ9wZTOXRKBwfuczPSSCpk8fUYEcsygCwc
61,P0062,18.79,Sports & Outdoors,V4DohS8LqwCHsomtHUYi8AP9h9s3rmEIdy4tcuIM1WK43ok2h3
62,P0063,71.8,Sports & Outdoors,Ce9COxf893DO5o8weerGurKp9ZWDZUh2OkkqFnLpYN5MTHb0Yj
63,P0064,3.83,Home & Kitchen,msgWwgpZwCYqgk9QjP8NX0dQAEBYpG20dC8IADGQ4xj2XlL3po
64,P0065,89.83,Books,qlhb0f2D29jMARCF0zqfzJpryBIienqBHSSWsiLQ1rPie6ts3S
65,P0066,17.15,Home & Kitchen,mKDWEiwTU35v2st2ImIXgtRkBZ8QmsgfOGBOolyfHdQx10RC4o
66,P0067,32.9,Clothing,BHBQTX8SQMmvFMdXY8qpMYbIwpqOPWlWtd4pxH4WDgGpmrEuC9
67,P0068,29.81,Sports & Outdoors,qHZ5sogxCc4GMeJEFOOZCPpLvgit1nmKhLZyHBWrxTzzlkVPkL
68,P0069,47.27,Clothing,DzEyYzKrRijaQCmLwtuDx2lIRMzUMfWnQWRlLnnJlCMXSG4aor
69,P0070,79.18,Sports & Outdoors,xiYsHLv146c1o8iw79eMHuMlARiq8VL7OgcnjyMAtADyUFqYJh
70,P0071,64.03,Books,ne6G8PzuusMbupVEpqRvahDXhiXj555qA3lmXpT97FuxaivLj8
71,P0072,31.43,Home & Kitchen,ROcdUqq6aQzJHGYjcs90wQl8jMo3BziBCIHg4fCPGgdbU7JXXh
72,P0073,1.27,Clothing,9B0fkVvDyaUokXG44TFy1WvyzRIkIaHTHlZLpK1BYh8i5jA5Wv
73,P0074,34.19,Electronics,Rr6E9atI2VYftCV64toY6AzvPdQPLbEaYH0ZBn5vmebtv4wR9a
74,P0075,30.25,Clothing,4ZND79Kj6NLw92Jo30ZekHBW0QLPLERlQOiH7YNqnQXVBRWDfY
75,P0076,33.39,Clothing,TEERoHduKaC2yzSn7AdGpIKWaR2PE3BENkkddBvUGLJfvHHGOz
76,P0077,1.33,Sports & Outdoors,UP3GYG8WSWBZza77Qvz9nyfojvfy2zYBFg8YaRZhRK0BkWCJpR
77,P0078,61.57,Electronics,jtGqO3TvXPNUqdgqhu5tKyBWm1zafGom5v3AUxfGaf9HhuxcRF
78,P0079,3.91,Electronics,JnnuPMMn0t1yCPUsLIlvRjugLu6MEuQYqOHt8rKX6dUswu5AXu
79,P0080,23.34,Clothing,rImaF9drQw4AGVLBDjz8USVGl3u1lV2L05tbWdAa6nYLDG8k7B
80,P0081,59.58,Home & Kitchen,uewqC0BeZjYQ496sDsnwDCgtzeGphJR7vkC1CkBJBkZ4WKm0Bx
81,P0082,35.32,Clothing,IFpythTEZRSfqMKkBUALwgM8s1sF23RtyXwG07taRdJqSfJYlC
82,P0083,49.54,Electronics,fX4TbvTnxjRXmDayiKfjxXHCDw907G6UvLGwUZfxqRwIbW0HGA
83,P0084,28.91,Home & Kitchen,5Z6JlCuqphE2yDR55yBKqZnnvEtgZ5TZdDzsV8id1b79HhazFU
84,P0085,73.55,Books,xLKOvejwTVnABLBHi1My19dya1No644eJOxUS7qpC18U0Vuay3
85,P0086,6.76,Clothing,mSxq88HgjUpnpyOxkKras3K0v9Dvbm2UKBG0LgZVJ03lfxkepk
86,P0087,51.4,Sports & Outdoors,FeNY1R4hsoisfoanHu19r7x9v7adKeUWMtCEdaPkPE62eRoEv4
87,P0088,82.39,Sports & Outdoors,gbOIvQnNI7YWNhs1LlWHBJ8W5bPi9kX4bOiz2zFQzaeWfrZaGE
88,P0089,94.87,Clothing,OOSOSGn6WySRfdi4kqLixsVo0HiROAzkcJvxovMpJYh6RhxuMD
89,P0090,67.36,Electronics,l84xJdMxj77T7BLrMeF6uTeWZOSkaaC3DPZIlJp6aCqmlIkznY
90,P0091,71.67,Home & Kitchen,oVmht6dGpktROTYw8hzAAFtcZdISzZvJFvpu5FkEyXkBLpyqrx
91,P0092,24.05,Books,jXAyBYEwSWveTsSpBa1WHi9ds70iW4LWnxDMLcjL1osWUd4f48
92,P0093,76.23,Books,vbY0pb0vjziJSkMnS28L6sJMcKGSwfDD1MSLiM7aXvVOKfEr6P
93,P0094,34.67,Books,JNEoNf38Wti9rrPFql73uv6JB5MhAbP2R5wthIuYOX6033kvoq
94,P0095,47.61,Electronics,ujQZyC42VfWvzAwimqdYrwkSn0wFCTitDBOAy59M3JbE79uxts
95,P0096,39.33,Sports & Outdoors,qDwhv2ivVn6ZCk6o8U3XjB5OfCTXX6Yr11pklCG3NWAU1HN0xx
96,P0097,47.92,Electronics,WN2pysxwH9rrEliqTapLt0Kbhgi6T4JgGv3WNXIRJnAXVCv1Z4
97,P0098,90.45,Home & Kitchen,ptnl2GPGPkW1ZcPx9R7ZjvfEGqA6PBHoCPI0ESWidf7edfDUSz
98,P0099,51.61,Home & Kitchen,kAtcEhubS97MdP3CVVqpZXGBzFV5hAu3gYUARIhKIKqN7rWVxE
99,P0100,26.62,Books,YaHO3D3DwmhoydOumHNFBYHesrjAEwR4ccuncDlElOj7FUeyec
100,P0101,86.03,Books,0bwqktrnA4Mp2oUHo1DTwKuj60SvI7l8vWyxhzIAbfPo9DYFw2
101,P0102,49.28,Clothing,1cKziQczu6l6g0CE7H4oKrBGlcal5SfUhZ3gUTLBpAbiUHXbDS
102,P0103,48.37,Sports & Outdoors,3w9xKjf82dFXzdQUYxn1yOTWAPSBC17JjQ2CaEllUNC1KvXHnY
103,P0104,38.7,Electronics,oWp7TYqvhUbEhcbzpKNbBVw8kkUILJLYzgXOBpoVHCl0Qj7W2B
104,P0105,24.99,Books,8UrOe9OoVh1mnSm3lwKFsOmCc5WdRtY5yzvbSqEom0CKdhSoSY
105,P0106,77.97,Clothing,LJegKFUj6NpGxoveMKsC8hb25NXv1GSclojaJTqy9VwKkZ9A9L
106,P0107,97.33,Clothing,5MVNKLlbSpmA41PuIWtQSMx3IuXrRonwXTqctXuqhr7DmJVCMG
107,P0108,11.04,Sports & Outdoors,l2pbuGpLAhaK9DU8xrMyikM7rOhMPwpYSLkhRQnZ8Bbvr4tHga
108,P0109,25.04,Electronics,2LkyMgsbN4o389eLCUUaq7bHMC0TZEU5iB3yGT9xtnGuDZfcdO
109,P0110,28.35,Books,VvrXF2fcXA1wgtYZAZYJBO2steXK6C4IivX8iP4y8BDqdaXAgd
110,P0111,75.06,Electronics,Rzr8FiexKmvuVEwNx7fQ3h93jk9fmYl1oet9w8V9T4XvNrzmm5
111,P0112,37.96,Electronics,a7VjpVQi8NMnNxEUs1tRzRv1wwJPruV90XYCoqPhI0BuVz04BB
112,P0113,21.65,Clothing,8QBVIEcblOVANeXowNVvyb9U6mRjSHaBCkJPzRQJfG4F2VnF93
113,P0114,77.03,Clothing,pOE7pxspemwqiSioWJANRoiAbNnnCm4lrBwUcvBpaHW1mg7NVN
114,P0115,92.63,Books,Z1c8Atx2Sg5HrF9xR6v0sq5zjcRP90k4jvuuLmbogiKqzLssps
115,P0116,40.88,Sports & Outdoors,HBYOKrEsb1LEDHx22y2taTBkDrZwbJrshy9dThH2vcVnuWe3r6
116,P0117,50.91,Clothing,W9VOC5ojTVE8jKfw84vPvCT1sTLDs7eeROJ2qvXb345kY1tZ0z
117,P0118,44.23,Clothing,vzNSQcIkhTNdQhp7cCWVyFyrmWKgjULiGpcPesBM7HoX3coKT2
118,P0119,94.73,Electronics,91HOCuSVJaQmoAMv5OLzju1KpRXJijahDKVTKjJ5ZfLxoRNEvU
119,P0120,27.34,Home & Kitchen,mfEPDbjAgvmVIYYmt7ASQPZHNdSve72li3tfWqKrhtIV3ZHSMB
120,P0121,14.81,Electronics,PND93tGNSCjFIyDh1PM6AW1SdfqJ99zPfUuVpLqjngMoph6TS6
121,P0122,43.82,Electronics,mTK3f3SuBjsVLYTc1p5hkCThkxbH05NoxYsiR00w1PTBk9r5mg
122,P0123,30.22,Home & Kitchen,Yrsdiv1anEXuRSvlhyXXSWgFf2AdeiWHaJwStuaiouG6xA083s
123,P0124,60.63,Books,Wzkdg5f7JyaeL72C2HuYOHA0SJJRwyVw5pOi65qiWIjYhakjNE
124,P0125,89.81,Electronics,i5RSZBTYkeX9xP2YZ93fn0TsBfcyOV47HhAaWOSaOwOnShj0xa
125,P0126,60.61,Clothing,LZBSjMlKL6HvazrFIgDRUYLUbhdRlYT1ltBsClFAMebMrwPEk8
126,P0127,69.0,Clothing,mIsfNeNmgYBUzqvf7GSK3L9kd7Ikzgo3Ozu0ivb3Q9ZHC6D5PO
127,P0128,33.63,Home & Kitchen,huhqCZoiKlDvHNXkF144ynM7NfLsJKQnYiM9mxjIHopefUIb3I
128,P0129,57.39,Clothing,tt8ianxyUSjQKCaPpiTK4T6rYjWMiC6LcD1bjHSLellu3qf3AB
129,P0130,58.68,Sports & Outdoors,CutbYFNKEKoZ2ZYdP3MCIZBHks4dlueN2oD4LsOme5NKrAdBuL
130,P0131,1.94,Sports & Outdoors,YbmGeLxlmRzYf8hlEFCm2YIGn94bMRvjTwBHlPvuCYcHbiaxWC
131,P0132,56.05,Clothing,MfnjirXpuzh5TnWwTmUQhAg8IxkCwVogo3rapZ9koiAveX73pB
132,P0133,32.54,Home & Kitchen,hx8EEB8fBzRUwVzZOcxGkDz95uL4P5nuOeCsv0TudaAhsxGcm3
133,P0134,91.89,Clothing,dYetHxk6aQMaza6FeYkoM9Pal3uKXEzgxHUx7WU2My3m3YoQE0
134,P0135,36.63,Electronics,FfDzvRBmLPrUIptw0jYIPiUUUVO2ZxNevHzVHb3gR8NGOT0qYX
135,P0136,65.2,Sports & Outdoors,BBFvoInxskA7jQLi0l5hd46WCCPeZbrkURehsufIe3ZX2pf3of
136,P0137,33.77,Sports & Outdoors,pTJmHywWBCeknEitEmb64Gl3GoAzAGULqBnFsaMFjhoAgP269v
137,P0138,41.86,Sports & Outdoors,NaPaWhdo8me5s6dDK1pZX045vGrGnSOVJRblwQzXJKTakXx0Wa
138,P0139,79.17,Clothing,ISxndg2xRj4NzAiZUbxV1jY7HIwzhcksIh59KmBpmDAmn2eF8c
139,P0140,72.46,Home & Kitchen,iwEvDaUvjSKydvZJ9Mtei3TVVpvHxibBG5EvRgXOOL872P2al5
140,P0141,13.84,Electronics,F1y0cO3Jiq10cfchQ0VcntFeACh8qQIkqKScPmGtcQZy8dVeAE
141,P0142,84.85,Electronics,KWy9Lu97JVWHAosBcahz6hSmqsczimj74m4DVxR19PbU3UCeT8
142,P0143,88.14,Home & Kitchen,9TWbdSfatR78YkzrlsdbMp8eVncJM33wip8KbaO4DAPKj7whei
143,P0144,13.28,Clothing,QlIm87igCTAe57aPabRMN83YlYDGdkNcoSMzUCnVZ61Q3h1GXg
144,P0145,28.95,Books,UUWYasJ4BNshFjYjhf1Pqc6V5vfaABIjlyQyveUsiopuvzS6nS
145,P0146,20.46,Clothing,quh07Bvtb6RY6FMcLLELBOMBsY2hXJzNcPzT4d9731gqiKt8F4
146,P0147,58.79,Home & Kitchen,1X3COzOlSvb5JrDAMCx8820Qp6ksCxHa0GFahfyzdDHmuCKUHF
147,P0148,14.66,Home & Kitchen,qm0Z305RVAPjWkXp2xyikQd2F2t7ty4mtBRRvKYjrcFcAioonv
148,P0149,25.05,Clothing,6TZrEVE9QDuz0lnYDeMgl427RvjCMUCefF2fh0eKtj1gtbT03c
149,P0150,97.92,Home & Kitchen,daq7vDlhb07wPM3Ihh9Qkv0zhzWe5vRjKp7z4qRfE26lNnUX1K
150,P0151,51.8,Electronics,4g63uqUxPCmQDvTZfOKbkITnaRf2bKVlMSHRxM5G8m6ZtukE1o
151,P0152,66.85,Sports & Outdoors,EkOlLfjl36g6uge6ZKbIHlxSoMqMBOZCQV0buGbkPMOSSdA6UM
152,P0153,52.63,Books,wCMRVDzeWh4ON3MfTKbtPDFCl9EOIHIvJfcq6dSDrFchW41zib
153,P0154,34.49,Books,DqsUwB5Ef4qug1pseeV1afx13suOFLGZmuaZlxxtV9hcffSClg
154,P0155,27.07,Electronics,4mZSYshZRS3QeYXal5iGVjJp4F9rronQk7i9g2pbzfIDQNR9V8
155,P0156,45.41,Books,h4jwrBL5eFI21oLRWtfYxBniCU7DqrRPkduNcY9FFKbBFFgG7M
156,P0157,51.63,Sports & Outdoors,pE0G7SUaqKlNBYhqh8lkCUqzJ1dtP0XAuVsmc32nA0V5W0Kwra
157,P0158,11.09,Clothing,VQH2HhsfqU0kobR8vED1MsybrMfSqJvg6CVqZz4DSVbKzwVFdO
158,P0159,58.34,Clothing,3Uq0QAqB3pazuCG6BHUsKOS1weniGWqAltbmbf336bFnyuNAuf
159,P0160,96.97,Sports & Outdoors,oxCq6yy0sFopufOl3mbVeeH8JjBXGF38WsR8tjWKcYitSvF4sg
160,P0161,21.31,Home & Kitchen,pkbqM2DHlizTbEf2lDh6NNrfNqxWggaMbpm2JBpC9uE2MO4Oif
161,P0162,93.85,Books,LPMHKlbbfiODwP0aMb8aqZizrdfYoXrDO5s7Z6HH0aGuSSPex5
162,P0163,36.6,Home & Kitchen,5rbxohpeB4QXamuKaAL0IyMo0WsNMS4iK1K795vgp0SjuncvJc
163,P0164,88.92,Electronics,xBCPfsWkzTURJh6vhXvLnyNkKRkVrDzm1CfNti76qMTd8kahg7
164,P0165,93.2,Books,Wk3wS8V6kUhy0nWnknaaSiS3oQJkfAf8pOK0GAbRqMwQ3LVpAe
165,P0166,56.8,Home & Kitchen,dfEvaYxl0MJ3VYlYrYzdImebVl7ENp0VhWZhIAkqqFLHQzPU8C
166,P0167,88.17,Sports & Outdoors,y8Efq93OmWZtzYYgcAN3Mw5xQmiwA0hj7AIzQ8Mqba5oYKUHCz
167,P0168,88.23,Sports & Outdoors,cye38REzEWEuJzDzAtGC3V28aVilOKmNWiUGCZ7TJa5eMbDnbE
168,P0169,7.13,Sports & Outdoors,L4gUj0xwA7SH0F1KjRcrEpwKwYxGbXQ4gjjtY8YetiaMmkZcoQ
169,P0170,64.48,Electronics,9RK2hpzPeL9MqSl2zbUU4x8hyuYHpEpkh6Bq27Zf5Z3Do0fIpq
170,P0171,25.81,Home & Kitchen,L5LQphKts4uSpffsF0ziHzFVBEZYvCz1bYHJXHvdqA9K8RvzUR
171,P0172,6.55,Sports & Outdoors,iWnWbG5vLBDHsPjiWKY015Hfc2RTGjnLz3n2gG4airPRbxpnIS
172,P0173,58.91,Books,UASpWkt14nzeB6fkBDwO42wQiCijnSTcizwW1eB1yy0Rmyqi2b
173,P0174,60.67,Sports & Outdoors,UgFhJqzvRKhtmzsTPhyU6K3u51YrPukuMMT4A7knxGC48fIraB
174,P0175,5.79,Clothing,gRGtr5Xx8CJGKCp9bbNDjg81RSAwcMCXXL5pJWmAKIkqVQSekj
175,P0176,76.2,Home & Kitchen,Rc2Z4WT5lrbwnVu3RpbkZZwtgkB05tgCalApGbCxs7Pxh0hEPO
176,P0177,81.94,Electronics,onk6qwzXo0bpmSXC4LaktXaGYX4NX5J5Xrm461KR4etbc5tLSz
177,P0178,11.5,Sports & Outdoors,boDXdDTlVgtJZZoBkbjqtUCMoBCidI9p58vBG4yMbA6dKjHFxd
178,P0179,37.28,Sports & Outdoors,8BTlvgPKK7FFpiUtDPsBn51T0dCqCjfXgs2qPEi2LhLBlvNnaC
179,P0180,79.81,Clothing,0xnn5PI90awvQ71tRlY0k4YX5BJ3EwwN86yRSBKeSPymqZ7pVs
180,P0181,54.23,Sports & Outdoors,eyWG0Leb7IRmrdS59tRRm1sKAiVCMBd75wS2QzBl84trpC47rq
181,P0182,27.79,Sports & Outdoors,4bAcdeV5KMrPwmYxS5nCWfhP56QSHxExnWXNqguQj0YX7FSvNR
182,P0183,83.7,Clothing,YhYJPX64PDgug0p9roQA8uubORYji2dUkQIyrPLQ5vmCs04yy1
183,P0184,2.61,Clothing,6AzXOTCdiEq3OD5F4DFDVuXQtUd97gspiTRIfhGLhBXx9WE5Yo
184,P0185,22.5,Clothing,4tUHg1DnIiceVacmYEDc7WmV8ToZyI5QksZDD3xVxAbvsqPiCQ
185,P0186,88.93,Clothing,PPR1vC6YemSs14bZRZNecguT5lfK75ehTFBf21K5ycPfyHJRO1
186,P0187,27.29,Sports & Outdoors,vdV33UTgHg6Q2MGg4vCwg8O8eEty5DJrcOND5n3NickDM13Clr
187,P0188,2.21,Books,ejMPnjVuxEtcYHz1ebLFL29PgxBUByVMVJagxnRdJ8jTvadEB8
188,P0189,43.93,Books,SHZ5d4ix7oF1MijII2RpvqVG4YWGa4C46LXcPz2fa0oQOnHZ03
189,P0190,14.73,Clothing,WJ2Nz7UxlqkWx09LlDSy5BjS8Dcp4tk0ICNOznlgnI9KVGhyI3
190,P0191,75.04,Electronics,LWx1SM5tEwcEXC8WWy9W9g3t7V4OgZqqtKwNTywWju8VGlcsUG
191,P0192,84.62,Home & Kitchen,ThHTUYkuCqSLXKVL5cL2x35NKCeip7MAxx6egPn9pbOf0yobML
192,P0193,41.32,Clothing,SgRLGH75Me2tlGSfkfgUUrB2FWQRDbdh9eIgXULBADVvN6pd9B
193,P0194,43.38,Clothing,eOnRpP74GAXrDk8UMb6QgmSJscSgpT9B5B9C1PA1TB9Xc59v21
194,P0195,20.57,Books,QrdLQlbvKlsHdZgSC8i1Y9IO3QwbPpuKsOQbGIQiKC5JZyHt1K
195,P0196,34.67,Home & Kitchen,531xg9I13ffgc5lQuGy1PKTi8YpETie91OUYG1P5yFmFwpOxZJ
196,P0197,32.05,Sports & Outdoors,Di1NIzggR68nvWO355e2luYqJjEn1nr9nEVFCVfvO3M18rjrcn
197,P0198,2.31,Home & Kitchen,T7KwqOifyRIO1Xteo59Pp6AQ0WHnE74u2UDM5tSy0UNsKHnTOg
198,P0199,34.51,Home & Kitchen,g8buZeg8qRMISdBGGhQtqC2ukzLUYuxs4hkbEMH7GMgBofOMQh
199,P0200,6.67,Home & Kitchen,hSrOMW6t6yrKnapDLYDVKXsiE4b759i5h8GjGTTmXsSXyNXFhB
200,P0201,3.18,Electronics,juuV2te4JDgoVZk51L57VFkiibQsgmzJqDlbfeMt7jd0ula0rp
201,P0202,77.91,Sports & Outdoors,f3jgikiaNUhcb9sW3uKszYtoylzeEAN2GnYTuY7ERiBDb9Hzih
202,P0203,70.48,Books,welgfy8NsA5Qp1LLULR8mQbnDLrAYXVIzKXu7Wv3uNjETFRYdP
203,P0204,47.78,Electronics,W3zZQfSmcjOl6QlUMgM1Di0Q7cKKH3JA83R0F49wc09368gXXE
204,P0205,89.31,Home & Kitchen,xzPC1YTJeJhl7jboLbAeZp5dqdFbvuFAYTaByqKImC4OEA7Gtj
205,P0206,19.2,Sports & Outdoors,u1aHTMkZZtkg4Wc4g0rLgsivVEX8i9o8cmd4xx3HViupkuPoYl
206,P0207,44.95,Electronics,j2B94ErNnsXvNslTgWKNwoLr5EBPtI8Tm6hDRMkLO67viWMWbi
207,P0208,98.09,Home & Kitchen,jiwWX3pIfqw2OQBbUWsndP6RPrjMdfotMQ5VPidRnEmN2ZNn1V
208,P0209,42.31,Books,iRyHhScZ64QpIg5CqL0reaJIm3wAApUqvqEWkQxeIqU39wqw9x
209,P0210,67.05,Home & Kitchen,kYzwDJP7zpdVJSqQ3qFKrozo4HTTiNiqmMFc6sw9sLjr0vuvIu
210,P0211,34.37,Clothing,LDxPE6GKAeS3CGD7CcZOjsBcCvWvDHUDX99spu6M7eyWH9uWFk
211,P0212,44.14,Clothing,mIgteyapHpPCU8kH4QeRlyqmBRwVJthY8w9BWEvI1r9SJcXyl8
212,P0213,82.47,Electronics,Kb6UIKYCtpKqmHYjsD789Dy5knx6sJbN96IgpVNyjigDgSykDQ
213,P0214,21.49,Home & Kitchen,Tf9ve8LIeQFgmb2zTLE6bJPR6KaZgdXYivCjMVzrDHEafl6k7M
214,P0215,57.09,Electronics,7a2UdqAwNQaXUahvCOjlOfqmzAP682PzUHZE5pLgu9PHvdaRiG
215,P0216,8.06,Electronics,FaWdXGIs90jsx8JAFL0HJd9SILMuGvVhqOJWIyt8QVhjAvPRHD
216,P0217,51.19,Electronics,0fvmLfEUiSstUgWqERjQmDnzzi5A2q3oyRyxVOTfeqWlb0deRH
217,P0218,64.55,Clothing,bL6H8JNyZbd0Ag34yH4ZxcLul5ZKs7WHOwlq6ilIDN8nXpGIg1
218,P0219,1.74,Clothing,B1nwDEoaG5jUVkgbwA4KERhCxdc5wjX44b117TsSnUtRsaYMYQ
219,P0220,58.88,Electronics,5SnY7J4f35UmuHSNXQs7PwypkGIT3WHXKA5khIc2ghtnYW5rUo
220,P0221,82.56,Home & Kitchen,7XyHjCoc7S859jzZfa8gFgeUHHLSCeBxSOct38CyMTjJVO1Ouq
221,P0222,57.92,Books,5CG1dpTm9pWClOVbkYXJTnKyV3cExMQoSr566yoXn79UQcWRsv
222,P0223,53.1,Books,xh9xkULD5uNLyT7rxG66i7f0OzOupnngxqiJjn9r1FspGfVLpy
223,P0224,15.62,Electronics,DmhS9CwBxG71EOyientYPpgm9yR3TMCnh0keudfcziAgHRIFZP
224,P0225,28.27,Electronics,HiMjWuA6ti2o87wA0zbPnDSTjB0Hql1XryrY1NlLD8W0miNjBI
225,P0226,90.84,Books,wsrDWe2tU147iAFlGzscHcsBh12SGdKg7nVDz8gUYEbt0zWgbA
226,P0227,91.12,Books,UFron9IYcqZ8gQxsNI3S5R3T45oqQzHmJcxJXZsHuiy3Dd62WW
227,P0228,10.42,Home & Kitchen,52Dz8C9FwnfdvA3z4PrQZtkvqPHSQGc3qIAS2xivSJru9i572Y
228,P0229,17.08,Electronics,Xm5VeEEBluobzMfQ1EH95rjsRgzkRGMv3Iqjs17iC51f39GNpa
229,P0230,62.22,Sports & Outdoors,7tWd9Etj7WcXAGsJTI4kVg6plLmzxV1iKw8E2sOYpz5Y4yshYj
230,P0231,79.78,Books,TLTJgl4QdXR0lhYBj33OAToWT2UtS3WcV829TuEwuNKheKiz0i
231,P0232,36.65,Sports & Outdoors,IEvMoGuXrz5ad6I1eORERdtyFhYXCg46781QLetmKJgZ9VJXLz
232,P0233,19.28,Clothing,iAzKXk62EdNSRbJTs06elD8q1djHEr2YvwWAmMCtYTlV6CPyhZ
233,P0234,67.95,Electronics,15X00pzhcbhCJZRtFvQhvn28g3sWRzkgZL3PHxZ8Emn1W3Sokh
234,P0235,42.6,Electronics,ZxzWHxjHYJfPJRqKRnH15CQarZHSAKjfyTeA2wXIsLcONXylCp
235,P0236,75.35,Electronics,5ZHn3nS4KTsxsS0t9gIsLJKxsR0aecLqNBal0IeKRByJpzYeQ1
236,P0237,79.94,Home & Kitchen,53LIiU5wwgNs3pVAuZk86gvsHg3TiWm3Oi4uueNc3xPQRH9r3F
237,P0238,5.17,Clothing,ckuKGkhMyfNZDLnOCetA3mH17KT02W3KP7YCaCAAolpFEGIiEe
238,P0239,44.7,Clothing,OI3Kbn1ybgVqepZ8u3ZNhITHMvtAhD27ZrH13mIpsRqBA6DzTr
239,P0240,73.02,Books,tamG3UK2DZImdB5qrth9qnBp3eyQ2bp2K96xINgjjap0zQidQL
240,P0241,32.09,Clothing,lFMBgyZKwJHltCE4DG2W98ZKYQjxVa950inw4iAICwbnDZEX8e
241,P0242,89.7,Sports & Outdoors,hMeQaTFXQCCS0NGirCsAynpsJKpqLOsf3TJWXAeLzDlerMnlaC
242,P0243,38.1,Books,vugHPS6ZWAdeDilRVcW6yEZc0spJig6Js14Bj2vNpXHTCqVlCU
243,P0244,78.81,Books,Iga5yFtp30dcDynoL5xVRYGmrB6WCKHfOy4We5qumo5KuTvoqq
244,P0245,55.45,Sports & Outdoors,iu8jvYgqJJWdAj9DW38vBlpCMtLVIkYEqyomTmLBRiP1B0L48o
245,P0246,39.77,Sports & Outdoors,JVh3tYdqHcYfIidxIUIl08pZoZPXmMTWHCP52h9SBAB76m6D46
246,P0247,53.2,Clothing,Q5Onuhh5xAn9I4hj4R4itDI8ZKhjoiDVRBZKCYzijPGmPcL8Ls
247,P0248,30.74,Books,Dd9T5oYjO7dSREdpeh4TF8CU23sJaUcW5vPVRDf8DvFy2Puako
248,P0249,8.49,Clothing,UmjVibYp1667NUO2XbjROoOrt5cI778aI7XWZhuC5t1wjEzsDk
249,P0250,81.49,Books,0t2jshUcPgjV0UbZeKk1e8iVAGNgaW6f5vYGfou40q3KY6LP5x
250,P0251,85.45,Sports & Outdoors,P8sr9TtSsK7wPDj5pCK6SByBjx9QREyhwIw7ylAJXX4hUCMofC
251,P0252,63.44,Home & Kitchen,rery2Gk4Xd7bCFRsmrSZMaJWuNSFuVdgrAh1YhKkkBEyeSmf4A
252,P0253,66.44,Electronics,YbD0b4j6eQRtdHogq2YcJVqPkGjLXw8Xe8xdskHjM7AiYCnFxy
253,P0254,72.71,Electronics,ZdLoydy64QV9C8HUJiuWk0XEie6J7bBTKsAWzpEEzMe0dfIE2e
254,P0255,49.23,Electronics,jf1MWYvvWM4oEJBVyxglDoGn8UtuhtYwuWzssN0QFDmuurQvom
255,P0256,15.74,Home & Kitchen,4aB59PIq1ommXpyDDOs8Da4IchUiTH7iOKdDTz8ZBtnyLCvNJP
256,P0257,65.13,Clothing,uHOTSGiC4gBlTRCv74yawopmFOOTeBZKpyBgEbBiDm4DebSZra
257,P0258,26.09,Books,Xo0V6a0uxNJNVZ7ridzolZPmkaJgWeUs8dhleCGkBHFfKcy5kQ
258,P0259,43.8,Electronics,RN5xGyjbxk5Vek8WxHCqjYMPgn1YIpR53KjToIUkMKCFKzqDPc
259,P0260,2.2,Sports & Outdoors,bIJpmxqH4qGPJRFR8pvVgqD9qe6A2c7yxq0udaHCZ7BOoCMUOR
260,P0261,71.56,Books,69RXNwz0flUdK6rWMh8Z8n819QChLll8GIULV2qI2JuTYCY5oL
261,P0262,58.14,Clothing,8fKitkRo4DSsI4hNE0aku9cYa19lk7hH7btkDLg1kHax6KBxTb
262,P0263,70.09,Home & Kitchen,FcGvMZ203DzyFTi0TpCBRR02OYTh41XG5VRDWtGFhXGOtLYz9C
263,P0264,60.45,Home & Kitchen,prbXqHEO2CQvWvWDrpwfY1sWfUiYFPhYOYS09hNZmnlsaRlpia
264,P0265,66.21,Books,HBWjrBRScvxq9ltmVCUmxzlzvMF1Rm2tdBDgkNEBQz2VxWzWAs
265,P0266,48.26,Sports & Outdoors,QmG0BCu6gOVm4jAjpdaDyzhXDDyFOInGz0EUcFscMMPgKqvbS8
266,P0267,79.61,Electronics,llR9dsUGFp8Ca4DUSsWouLYEmfaHD4ieR7lhGZshNc4Mhf7pJS
267,P0268,53.06,Electronics,zk2BoGY3aegFaBnc0a1gJx8DHDOmgMveGiWNDHwAgSZjBtSqOm
268,P0269,74.18,Home & Kitchen,ZPhbmFr3PyFOnFPlEKIWH4ZD10oIoX8Voqis8479iNsKVVeMvo
269,P0270,20.62,Clothing,sITT9p6HlpA602DpxwETvDubdQpoZwkN8jBjGnPNSNM55n1tly
270,P0271,64.66,Sports & Outdoors,4wIZ4mkdSuZK36ZQnPIdjen10ByghUwRl59YBwjMCLDOj8ILql
271,P0272,38.0,Sports & Outdoors,umLSiTXQeY0WRtifkCA3zTITbdLeAGDSt2522koxzlc7YztJNL
272,P0273,62.26,Clothing,K6NNoliOzPFwVdspcGx4gv90gutGCfFGLAoXI90LpusBPoMm2H
273,P0274,50.51,Home & Kitchen,eLVeQOu2w82zMTk0X6hOR9Da68GosfQcUZrqVCCf0GUYfQk5W0
274,P0275,97.13,Home & Kitchen,NdpvLO3l84SRNq6f5XyJUqEsKJQo4aHRfFpfAKA6Trwh2IAhVq
275,P0276,32.84,Electronics,DWpMfOChmBfdQvNDRxdGr7DK24T9K4HpPOyvhZ6nCqFG42uDCW
276,P0277,76.31,Clothing,F5bIqBsg3aBLiNuOfj56nQT2lAkxRV6JAwMtjmZfyYhawft12v
277,P0278,25.89,Sports & Outdoors,ZYTNNHaHMdikQ7Cz8Ic6fLeN1H6FrCi6dXOuRDe98dXi8W3RT8
278,P0279,2.6,Sports & Outdoors,3C8GmVHeixL7cRVQ5lY0RysQn37CNICGRrQMCO8nQMd5XtCVxJ
279,P0280,64.21,Books,Ucvp9yUoDSfjBuL1UlmVz9zB9FG6kvW7iC0t6P04NOydWdbUFs
280,P0281,15.61,Books,q2mJ7H3KvuVf9W2E7OeDQJTuVxR76Urs9fAROhp3mfetRjPZ82
281,P0282,11.7,Books,1r1OjU87oOXlKzlW1sy4T9AepZUdmFACv0vCN38C7F4QbOb0L1
282,P0283,12.67,Clothing,hsrMVa4FV0BggoBHjscdOkeLYmcWZGLU0w26q0A1sHaYqGNUtl
283,P0284,27.96,Sports & Outdoors,kSqqTnjHnFvmUZsO2JKjwZJWWSyeN5q8UGzQ64eLrsG6aGRGDm
284,P0285,50.74,Home & Kitchen,hxp8VFv2YBEJ6dS9ABR2FKZYfJKPQaxEjPaUvMUj9xxPrDKakP
285,P0286,29.6,Books,OVa1nueU8w8YHRdksvKNGfBEHunnW7RDZsUGnDAmb80QkeU2ZB
286,P0287,68.67,Electronics,oqAKbvOtQz5fnaM1F5p5eWc3ltQqOj2zdv6P2FwNMTzmp2veGy
287,P0288,13.99,Home & Kitchen,YOTpNea8BQME93vIw0QjZ0gQ39hVW3YqnwMDNFmYYpNmV9G16a
288,P0289,27.64,Clothing,bvc3Gu4WGw3LXTuLXKbnaLhJVqaRDGxA90wkAg1LL4AsnVOu6P
289,P0290,11.72,Home & Kitchen,wCGtEmuq0AaoAEMp0hudAGtiMzoksOxqIHFx4RzWUBND4Zk7rZ
290,P0291,25.18,Clothing,ShhnWnbKw531eeDy60HfbSBoiSLcLCEToff8RhTT1tMBHVtAlr
291,P0292,39.12,Home & Kitchen,MILpRlrxYrd9Kz1znYLYl3ol7nf2y5juBlYaNKhxnWEr0jJuA4
292,P0293,92.58,Home & Kitchen,6fHtiy4XmxH54WQriNL8Lqz3MoQqWezuZA1SUVj7bKFD1eArV2
293,P0294,94.5,Books,38ox3nsRIue7ayNJvsCfpXR7VAAQl4TveqVnz2iI2eMoI9KKDH
294,P0295,57.19,Sports & Outdoors,e2Flj4BnO6xPkJOZSCW62aP1QnqTaRQez4iXOCqdGcQrvg3xVg
295,P0296,97.88,Books,wp65bVKVVpigf4eMQyWpFlUTfL54eP5lJnokYd2ixEpstuGnp3
296,P0297,76.89,Sports & Outdoors,8NZuS9I6XqpMEbSWGf9zLh5pflcYEghjqwypyeXhQ8WZ65kmWi
297,P0298,72.53,Electronics,Kibc0P34wpenaW4FtgisBWP3P9bdXRbrZW9xUS2xfakf5zEXqw
298,P0299,56.19,Electronics,XxhB90sUmZy5PXFCInzgUETQsgnZU6wSP2ImJxRiqn4GqlmAWZ
299,P0300,5.98,Electronics,3lFU614OxNmvd8mO97o6I7xCQ9ifHrgbfyIeK2vDvPnxTQUYv9
300,P0301,50.07,Books,f55h9qY7lLgIH6R8IaT4vFQq18pBs0DLWUlz4L3vfpoL1ypje6
301,P0302,41.26,Home & Kitchen,uK4TqHo2aHhUcGK1OsJr1eymgFZaeGlmpKvK4K1GzjrLtDxG2e
302,P0303,72.57,Home & Kitchen,RYhIse1cCROfnx3UODndVWxI2iQPChHPU1rBLlsH8amHP0RKpA
303,P0304,58.1,Books,OIGsnsmAkGkiHbE9TGCtNRdEXdUuOBGea55lRT88U1dATO2kFg
304,P0305,55.13,Books,nKoIczlwAXWLN18f19aIzHdRzTedS9IhQ1IGDNKz6QRHdTF92P
305,P0306,90.07,Books,XQiXhvJQ8jr8OeSyDubite0vkmLKOSGIJQ5VHReq7iLqQ3mMhY
306,P0307,22.6,Clothing,3xTOqUESd3Qp23tayHPapw8KDAMV05UJO6eCdTiysnXK8o0TuY
307,P0308,6.81,Sports & Outdoors,EdJpuXEbg0rOmeW0WKu8OtPPJT1YeH8uQvIexVYvZRM7SoVlf7
308,P0309,25.23,Electronics,c0W6vHt6e9nHgqNw5vucmNdYf1zpYH5SmmapAgJsMofxkzaNDr
309,P0310,9.34,Sports & Outdoors,TIKKoHxVQxdgItOwoswGYYgh48S1BSbaPzl90odVaiRreLtohv
310,P0311,52.23,Sports & Outdoors,CvvJdGpq2VcDaCUIthPNIkqZnWZawtRDDFiJuJXghEWrmINHv8
311,P0312,2.69,Electronics,DzlVueqZkoybZo9xrkDFfR100grD4PnVP4mX9Ie2mAdermnMxV
312,P0313,87.95,Clothing,qA8QUftcx0oZRzZP2MZIGVpCKmWs0EbvvhtVe8F4PwwsN9FJC8
313,P0314,65.29,Home & Kitchen,ePTwAqX9xI3Jc4UK06jKr3If4oQlYJTDyGEkbVMzIZN4xryjb9
314,P0315,12.45,Books,A7PtqYPRb7JkY8oqomD29K0M6iwKXaECLs3ZrE4VeNL5wGvJZp
315,P0316,18.64,Electronics,f90aWNVbwWtEhSQHgyNyImwSiBBIXINXeMBMpSeuZBclRQ532c
316,P0317,59.08,Clothing,Y3tebDC7suCMp9XP0gEKQIOMRHMpFhf7z6kr2s6Fkmhny39Iql
317,P0318,70.51,Books,czQOfFXu7Aj69eEPaIfvbYOpDhwMMxKNc6DyDMKUCdSg76npOo
318,P0319,27.42,Home & Kitchen,vD466srKoIHmPyreGCvwwU5ccMwAatn2a9X6mKFOurmIL5nbUt
319,P0320,3.63,Sports & Outdoors,fHA2mJPNTJx77LEe9Dhb353Bq2H1jcCFmL0LAHrtXkZkfDWpef
320,P0321,5.21,Home & Kitchen,WTEBDGBbEMgY5hDgdM3mOft8PjeZxtMDiEcCXzTDJGw034Xjrg
321,P0322,62.52,Electronics,xrGdNIhR3Q4m3BM3mZWciouxBtqFN167ECU2eq9cLEGauyQHKI
322,P0323,63.62,Clothing,sgXdt5TGjWk4eQ7B5gszAXtwzNEKcgEzLKzOFIeg9Ny51S9RnH
323,P0324,68.43,Home & Kitchen,1zjqBpqxFnlgDDLZwdS0yKyik9V65PmR3K2WUvEdFPRWVXGdvY
324,P0325,7.16,Home & Kitchen,cN4sw0SuLgrlDpBDhcnjsAKWqdpONrTsm3EG03WPe4m0662LuP
325,P0326,9.05,Sports & Outdoors,xU9bxUED5SymKvgrwntQ1pnfB6OJNGIEvQajDrG6psOA5uyHSD
326,P0327,11.0,Books,43pqnPUFdz8jK0cBnA5yIJCLkMVLRTyuqdFW2absk4d9S3iQIp
327,P0328,22.41,Home & Kitchen,VvB7G5SSF91U9ZAscOtxsxJOqMsa3HOEqRgXYzYKPfnqEFcWKw
328,P0329,15.77,Electronics,C5I5gOxfx8szfhSAQCi5UlJWxn8HiUIvLwhuIvbkdn8U196CGc
329,P0330,83.46,Sports & Outdoors,Bbh9Fq5cI2yZGtO1i23vZwIPF4RNg0ZbVuDVH41Bd5gC6acUI6
330,P0331,85.48,Home & Kitchen,KbLTzjGriTWSrT8XhHPltdmHDHXElerfSQwCDFexBRImYOHvOr
331,P0332,13.13,Clothing,cjkc30JgsAoUOnevNE6RqE9tGQcrrvw5ghk4ky6UNgT6PALcrF
332,P0333,35.9,Home & Kitchen,Epw5u6mMtwr8nKSaN9LWvQ0cHqMgnjoNHoy4NS9rc5aI0Nbm0c
333,P0334,19.83,Books,1sJ0AdktAcqDl80nzumuqElt5WlZC0R8SffZmscAUuSjYkb5tk
334,P0335,76.12,Clothing,8h7tp1bITF4neEPVOUiBL3VpWLhPYmKyrZ1V2Mm8Wz5jGURDun
335,P0336,39.91,Electronics,RNyX4ZO4vC3AdnyYKALRekQ0aT9U4KRg4z6TJ4frasnA4n8E0V
336,P0337,14.48,Sports & Outdoors,U5Wkqlg4KXaq2BYXBbUxbz8Xdk4F0cTdASCJtAwUdeXc8cdqBq
337,P0338,35.56,Electronics,F2Q7qMxfhdaGeWBTgZc9dnNR1dc1fFG9Hi4anWW6AzsZ5GraFK
338,P0339,41.15,Home & Kitchen,IFeqMZEvwePQRZC0IqudFIQiL1skruM4L0mie3Vx6IySaowCSH
339,P0340,16.06,Sports & Outdoors,L8KriYgL2D1P7aSKNCWYoC21fJ8RSLJuQoE68tGnNJzPaCYDsT
340,P0341,80.66,Clothing,h3QH8gAOZ7AynqX3UL3YNzJKEjTmUHVCauvYxH1wmnSOL47jd0
341,P0342,84.67,Clothing,H7EjeEVkvn6qaiSMMr7dOtNorCeIxz9KUCtKnzoPeWWwcD28QZ
342,P0343,2.28,Electronics,90tIG8GoIyPhfYbG4FPFcSsaFy8RmEgtaMwFef28z2ZRSvnB8h
343,P0344,76.41,Books,sr8LDjYsFqUJgGrbaa7a4JCan7Stsxc5gjWmqorDKO6vvfZOlj
344,P0345,72.61,Books,bwfyEG85fv3Itq0UwdW3xI8LLAgJ8XV5xYTT9Cn3EdzWhBcNA1
345,P0346,54.33,Home & Kitchen,LdwDxgbvRQegm1Hg5uNFDSIxvkVz8gC9Tof1GJKzAHgXqKwuvY
346,P0347,21.66,Sports & Outdoors,KUFyDw86NyVRz3ZXjbEc8ncc1ZKdur4JdHmYJhYx8AsJw6xKmD
347,P0348,84.12,Electronics,aU9B5z4w004RcA9fQ91prjn2JsjWJJmFHZXxgpHSfDAqSHyuSO
348,P0349,29.0,Books,OfbvYTwoZzJetGXf1nFbBxl61vL1HCM53yLBdClDqninGx86Z9
349,P0350,70.71,Books,Afbw27vrAt8RfYEZjz9ozE12GCsLveUjjhcql88D2DmQqumaHf
350,P0351,3.03,Clothing,NZabetbipg0QB9Drb9JR5r6U9xmk8zePMvZuSqSuoY99CA5xFb
351,P0352,47.86,Home & Kitchen,Nq4PgL4q9AKJ6fUcHUXjEoseORbbAMBCMUcW693qb6ERPRnJKr
352,P0353,42.02,Books,ZoftuEBFM7AHgKMEVtsTrM7juaOd40TVOI9ifrbNvZp3zB87XY
353,P0354,4.58,Sports & Outdoors,ZSWengNxCOHZzQDvStmx6VUy3xEIIZlQPpSEvkM5TexrpHKIUF
354,P0355,94.87,Electronics,yemNb91FWElaVGDR4Gp4rgOpOQekLbn0HOOoiat1ZnHOaMPZOi
355,P0356,34.16,Electronics,ihL870d0q65CdUq87AZb1RZP8EZ2L9NowlBqY3dImlbEvvq5B6
356,P0357,69.43,Home & Kitchen,9oc3HJQgTM6YYJxsiZFsvnR8BvEaB4ZlMAu7WV0K656KWU6K5A
357,P0358,95.16,Sports & Outdoors,kVwkxsRVAdVE8GMLkPtmCHu9pCOiOVbop3cRbMCgN8T8pHnwNs
358,P0359,25.54,Electronics,Bafc8Q0Bs6ZGEE0gQMxp2HViPWbMydK0gDL1lmzXAjgEllhL47
359,P0360,59.97,Sports & Outdoors,AE7GLm32RWH4muzFIakXaNl6fR0BfkKE4S1z9ywqsgRurMg1aC
360,P0361,31.72,Home & Kitchen,ZMmesI2UYMNaOjrLoBi2VeQxdTBgfA8o0cG9QG1ZogNdnB3Fko
361,P0362,24.74,Sports & Outdoors,EZ9mz0aG6zLhGEXBO6Nro22XBH7YedYZgRK0hG2A2gszPXa8g6
362,P0363,3.73,Home & Kitchen,F6TtFNnRZ7JOe9pBVsRtpv3smNnBkhDujSrIm5VPAmiRxQzx0z
363,P0364,29.75,Electronics,QtkzxyhoEYcSYDxOVAq1ONvcbGJYK1MMyjlOSk7y0g3zvO1uif
364,P0365,41.28,Home & Kitchen,ymm8BKz96lFwHq8C0KcHjgHQYFzyMQEQ3eQHJUdCtACoPdkXsU
365,P0366,3.28,Electronics,IP1GYe2iS5JM4ClMz1DYIhnqabTGvfmFawku6IBZujGgyglcOQ
366,P0367,44.24,Books,XGmZihCaJlwfVeXmRBungloANDJeMw4XEkKHpMJCioeqSGdjFK
367,P0368,36.09,Clothing,rqUygg2ax02119Amwmm1GFxaZpVIf6thvMk7UgpoNZ7GDZISoy
368,P0369,37.61,Sports & Outdoors,Qm152fPWqJcle3IJyALnEsifW1WiYV0YzlT93L6LlyWW3f5Pmr
369,P0370,66.91,Home & Kitchen,o6yBltcKAJ0zBBQ9uYDTI3XkSsfpqptguX7BKxLisosJ3MotDO
370,P0371,11.24,Books,zSV3Y2KgxrkyImEg6zvnBLJYIIcx37ZdRB0PdhYFyb3FV1QY6B
371,P0372,89.13,Clothing,c9FV0DmX8x3Rr825iE7ldVq4mM8aW49rgkwgRv5GcPpIji2ymu
372,P0373,95.81,Electronics,1VNUbcDk2e1sBXHN4m3MDXN4DlpmxUVswxgeZChaJviGfio0we
373,P0374,79.53,Clothing,U4EZCxG7FqzKCngi79apAsKgHGbarqEa51YFk4ObQvvN0DDHpy
374,P0375,50.27,Home & Kitchen,L476PGmo2U4Tezv3svHhCXFmhXXrE8WvRYKbC8G3CO862PqLuy
375,P0376,32.75,Clothing,HIM4XNoo4noOBw0tW8SjZ4BPpunnQehoU1lHu9HAhNgjttJqHu
376,P0377,37.04,Sports & Outdoors,YPyeJJIGCWNVMAZjlu3dj59n2IE0993HqB9qYsVgXFCvSu5SCI
377,P0378,24.61,Home & Kitchen,CBVdTTBFHxEZFOhPMYkyfOwdbz2ZiLHRa6ufeU9gUnIBKhowib
378,P0379,41.96,Electronics,X8eHd85P4Iq8nM29NoxGGtarW8NqsclIvKxLYqfRyDgsqFCtz2
379,P0380,63.35,Books,cUvULCh97mW30FELOF5oPEIZkRpmbhEFDB0fogQUDppxBuySD6
380,P0381,17.28,Home & Kitchen,hWNjWY7eNCUO62iSB2CGm2nkOpxnRlMVTCwK40lJNdJY2i4Xl2
381,P0382,66.09,Clothing,VeASkY8AP8IehYLj3QZQLQrH7ytgoyoXQqLC3icQfEod0tJxq7
382,P0383,20.12,Electronics,hW6DrTFZenvrqJJxckYLXEFxuJWlTnhbNdx4tA4SLdpoWLaKYO
383,P0384,85.37,Home & Kitchen,vWmjV7xGWwyaHI4hWpE62uKGYoWbTtNHs2QhgH0lj5boewAE9U
384,P0385,33.97,Clothing,6yNY2c4Km7UC68MaTYC49Q7h896T6jIE5ZsnyNOX9nF0go2Hi0
385,P0386,34.01,Sports & Outdoors,fffoTcHR7o2JOgyfXoTRVFL7g4SxfVJ3OUNvf5CroVQZQVMM9P
386,P0387,81.87,Sports & Outdoors,fjogN04NvI5f8dTitKVhGWS8uXtzbk2JVHbyCAouJD9HDzWGJo
387,P0388,55.68,Home & Kitchen,pWfy0gos00PX6DmAnKfZjocjE85h8SFHOytpvFiIloWtoLa0xw
388,P0389,83.7,Sports & Outdoors,StCj50ynQbkZcCCobLXpssmU7Dvsfv9Wp3AAMremNDuM9NtKsz
389,P0390,29.29,Sports & Outdoors,K3geBVMSd5due51PirlK6QouIlZ2aDBh16ZMYtJuWxPGmROqrm
390,P0391,94.97,Books,zrzNKdtxvRcHZO5XQgE2pahFA5n5j6lxszMA1EgI7RGyKOc8Lz
391,P0392,8.62,Books,2acDHSvOWSzrvYanJiHFAuHayC2T8KUSBrcarC6YoLBeL3UoIe
392,P0393,15.93,Home & Kitchen,UflslO0N1TGdoDorGKeMyEiNtlbLSwkEGHPkwBOyEV2FtpWFNg
393,P0394,25.31,Sports & Outdoors,38PuySRBWLupdMiIHgHeWUDQ16hlQF0MaOKsxc3b0qRElEdOaZ
394,P0395,56.02,Clothing,dXmUmqQgdd8o2aEJ8gMYHuO5kFokJKdmoCFLWu6hOEEozMvAp1
395,P0396,34.71,Clothing,M3rDdobIARlYJ39y4CvvXTK1LgjNzrDUuYo99AnSRb2Pd56vxF
396,P0397,25.98,Clothing,Lzs0mBhM0BAJBylQfyeRzHMMfc1FS1aW0F5Xk7iyuby7NHQ8SE
397,P0398,28.44,Electronics,9jTAWkdsulbBc6Le1ejKhZt0h1hgDa4y1EjaxRit4Nf8LS21eL
398,P0399,48.15,Books,rhtDGzWbQsZcXZLNe4oO2dHrFJbQFSuOKo7gHWUCNvCbeZD0Px
399,P0400,99.71,Books,pHUqSKeztP8MasljuINviuxvn4aECpdNEjx5gtFnHgeDcBxjPR
400,P0401,80.48,Sports & Outdoors,IQ93Ko9b4pz2QeNpjHY0ns0ervgmdBeLfIe4q9mIcC3MCf3qVe
401,P0402,41.18,Books,1NNw65Quu78OkBLoCkJdXGtDms4wcQOwlDs8sT9yKw23XTxQ9K
402,P0403,65.66,Clothing,fQO9HK6AOoobwjDBis1OpKr0s9s491XdRVyrJ1nQkzPjUvByBW
403,P0404,74.03,Clothing,ep9z6qfAvrLFvTuRfUSj2K7cAab9lJDFOMWpcKYsZ2N1eRQ5Dk
404,P0405,80.58,Sports & Outdoors,eN86pkrNLr4wkGss0UjpSAaUYpEWEINbK0XKlgdBbf4kgJzAAF
405,P0406,95.75,Books,jOg9gbAJgLqNkpEIxyZIt0uivxqrVTruaTBuiMrjVI29ZUSofH
406,P0407,82.39,Books,qrSKVLK3vkbte6oxfOeEQmSLiqoThRBr71PTfEkSyQHCW3IWSk
407,P0408,24.68,Books,FvaoBrvz8tCrvpcW34UWERrw1Ofm79ELqE5pWAQ4i2vUk4CnyJ
408,P0409,99.18,Clothing,PULFSAj7Kg6AiBpxE3bDzfYzmyoAaUFAcUw3Dbov4Bv8oDOiwh
409,P0410,75.18,Clothing,NlKoNbQ3WjS7UpkkLQlXqJcAAXfTfDRy2wGjsECsvsdl0kU2Hn
410,P0411,72.27,Home & Kitchen,vO9Gascwe0oTOg9aakrJQD1wpa3NoXc7QRQpr5hWWd7DSzHalB
411,P0412,80.08,Electronics,tAMCR6OUFWHcaqOtitaSVF1ejmW8zmO6KrEnecsKDMVhmbPBy0
412,P0413,96.13,Home & Kitchen,vVLwkc0nDeo0eCJVMyhYwLBQp8oTZkEdzQ2CGQhdfi7B42ywVK
413,P0414,48.65,Clothing,Gb5bC2IupKFA7cPhudLP808t1Y3QUqkwqD3ZdcVy1A7qcRvCm5
414,P0415,93.05,Books,TGYxcw7gwseab7rRK3zdUvrmlnFyP26g8t2iG8WwCqdANJSWua
415,P0416,48.41,Sports & Outdoors,W1DU8UchLTK0CuYiNESCn1VEzNib48KzmV2Qphl56ZDaCvz0N5
416,P0417,60.69,Books,EmQk26vUd7mOMAKQHwUVk1Qm4rwUZC1vHOBk9pqI565P7vMbNR
417,P0418,33.56,Electronics,7VYnzan7o6pRFCkjCp4CXWljfbrNIcZrWwowK9fKY2jsXpJrZb
418,P0419,78.33,Sports & Outdoors,9cbzRZdsoUADyO1xAiGoaJequ9wz00FOeLVP58PWouFA1rezth
419,P0420,5.96,Books,WY0QLHf7IJEagEWw9PeECtxmxfsuIJowpm7h7ks1dat5K1qyu5
420,P0421,10.38,Books,8YdTEz9VSL3Jvp9BCthxx0FejhFjk3xSOCVhtMhTEiuixHaEYG
421,P0422,53.22,Electronics,i9x3XhkZkt38gy9TjXh7GFh12rdR76W1k6Xvam97npWp1szrBX
422,P0423,63.91,Electronics,jQR6Fd4uFuaw0xqlyIjooq6WdQBCUQX72NaVRajJ0XOcOhnfmH
423,P0424,88.54,Books,T1Two9bgepx4WoO98rf3GATtWzOIRS0Stzb7ekQLdSQ8D8NM89
424,P0425,29.94,Clothing,0FXtPtVlcEMQdABh4eg5mMi9mXJAcpRD0O2s1cTv3cpNRvaWYD
425,P0426,55.63,Electronics,aiK5iNl6oi5VktIIWD42bECYuU8wMjcX4ZodxdhLhB5BLdHtAj
426,P0427,16.01,Clothing,KdsBETJKuqb8WwjcsxZmGLB0JLWj9aYIyqWqUcha8e47pmbDyo
427,P0428,41.16,Clothing,V6BMT2Ahc4rejmBDqjuqMmhHlAJfGrMaJpt48N5a9ftXjvzjLQ
428,P0429,21.01,Clothing,pPdmNEHBCvPyMKkxWSQnrIwIgj1xZmAnBR3wy3pw591UknpeBQ
429,P0430,56.15,Clothing,1qi60qCe9oxdvbElk3TcWie8NMWy6rBbNfwv0mKHf4R51XFClZ
430,P0431,3.7,Books,ufvcSDwboM6EkvyV3hO8Ne25JPJCihOnhBDMugwU7SJlUtWNCe
431,P0432,60.41,Books,JzhpqKlsdNKbwy5gThmt7mxWI1bOLIwgPsb56micdFyP7D0MCk
432,P0433,20.29,Books,a32oNWzEZgJqC0ArXl1lmTREoZOlZ2AC9N8vSWyfRmvyPBp33q
433,P0434,70.52,Clothing,wcK3tVDpAv0p8vvW4GNPVyaYjpEs0FyrVRyEeNktmSviY15V3D
434,P0435,78.67,Electronics,fnNnrnSHKI22rmwIgFwfmmrsNWNttogVkj2Q2iZQm1qnpi6zWD
435,P0436,98.19,Electronics,KwzKpkjRXfbiZTNgg3DZJ0BhUrwJuPJxRmmpizAHestURakuSa
436,P0437,20.01,Books,dlawuHSzPa2lQA8BSQ6rU7UaoqHGWByILh60C7AIimhMbx3Ajc
437,P0438,22.87,Sports & Outdoors,WNsGrplKnR00Ww9e9WCjf7dr7nRS9sTRjyQPTOyzFChcWxj6V8
438,P0439,33.18,Books,Qo26qcUPGj6Sim4Kf1SQJntKkJg6vtQRcH1IlrWT1eWhyWLepX
439,P0440,57.13,Clothing,NVnJWaQfVt5JhyQshzyz20giZVZlmG0SZChs3dS65R5o8iD48Y
440,P0441,90.58,Home & Kitchen,YIENNMKfvyIl4v7N5OFWyDxj4Bw1Pl3QHYljuyyKgjjTFN8SUH
441,P0442,66.37,Books,JXWL7YF9q2CnqIjLeHkF0DLFMIfaNzPGwgZdjihw8RPXLyCqKc
442,P0443,99.72,Clothing,EKmPtquqdfUAuTp0MpjyXcRbW1xfnf53NdVb7uhBGlXMsmOFD8
443,P0444,27.24,Clothing,cSInEIhf1ZFlhURUrPOCk7ms6jBOqJ4uZmZtnrrm1IXrz42mZN
444,P0445,58.91,Books,DFIkrVpCfqdO4DjjaOq7nXguZLE5VhgYsjlQVe4yVoXoBnOkS3
445,P0446,69.51,Clothing,zwMZrAoSi7UxK6ThFmJspozE5jPQwmMxdgyYALbtuvu1OD1oPS
446,P0447,41.05,Home & Kitchen,aog3VM80XhuWFxxnHlunxxxdMZODrrfgxdcwIFoDopmbaxw3HD
447,P0448,19.21,Books,XxlK1voLs34Zwxg3A89oejoxg2fbqseUAEzEjAfy8XjJBERcf0
448,P0449,42.11,Books,5daaYkngrgRwa4Rq4pyGQW8nqKm2UoUStle0yDiissxHseaLNJ
449,P0450,60.02,Electronics,am3qxCcAKLdvR31yg8TLKGF4GYXoNe16XPOGiwf5YNRbate2ra
450,P0451,20.67,Sports & Outdoors,MjV0GHVH5iCZWqRoIRwmkUtILdumGnAijXJWjuvfdkPtoKI21H
451,P0452,17.81,Home & Kitchen,5H7tQDFwxQFNy2HURGZrPFYAqcinzta2laUQErtHMRgTw5HIJO
452,P0453,54.34,Clothing,4mCcTL91e3bHOj9UX4T3eZcfLv8nQlneYjWvNt80llQhOvcNz2
453,P0454,61.21,Electronics,hAnpbPByzPZBNufOgWqADveYJ2PzzcfQFYCIdeUmpZYONznhNn
454,P0455,85.78,Sports & Outdoors,Zpke32fe3eyzTF9F5RhGyu2TZAG2fNZfLaYeGM683w0sBOkiDL
455,P0456,43.8,Sports & Outdoors,Y6zgdgNy54eZaDqcg5n089wksjTGcnJV9ExMRHi7uPBNoItmT5
456,P0457,4.31,Electronics,D5RsSPt3tWiAZ8F4SFWoxvTTCnNcUZxxK2grnG63UR2VzYpdmu
457,P0458,11.85,Home & Kitchen,x3VDQBk44daLonOlEL8DhjO8qad3cqKeudgHYLjxOHgclgApVU
458,P0459,7.52,Electronics,AMZJ8eMXPL6iTtBHRq9IjNnZDWAkoIueqgotFhidAWm2I6VxtZ
459,P0460,77.56,Electronics,5Oqf4N7U8l7wN1YJhZuJBN0yCV5x8K18T2bhJLV9BxvcKTkWB2
460,P0461,41.78,Sports & Outdoors,9y0QpoPcRxEREClrozLRR3nMoGEJPzmwO5klfDiFLmJuuZXILw
461,P0462,1.26,Books,0qPyzOBFfd3oKM4MHgu0P10A4ZLqyLyKPzLZPrUQWrmO6T59Kz
462,P0463,93.56,Sports & Outdoors,PyFa7NSk2cHMBrz3Kkca01Bs5WRFB2uwxJSz4sxLsFM9iwAmw4
463,P0464,21.68,Home & Kitchen,oc44bIaKhjdYNwWM9FHF8fwad6hdDUzape5il6PfkSsYqK2Azr
464,P0465,38.94,Electronics,IFQl2oaNI99vUxfCveVpq8skuWlXIjp4DgjWCx0Ue73SOOFqFl
465,P0466,65.8,Electronics,0jE4j9kBfHodQHTvknbQsDB9LjZfdZqRQoccIzt6XXp2aHvs9G
466,P0467,69.24,Clothing,nre33dDe6N8Ftz4BQ0a3JanzLgdtNJdCX5O4W7NfPCSpLHKOu4
467,P0468,10.2,Clothing,rmLuXIjdfZRGvOKdH6BExlDvRPuRyehrfBq0yX6JZ0i8dZy1Ld
468,P0469,51.79,Sports & Outdoors,e1ASJHip3QC46dBfsJK10QECLrmd6rN9wBvsFNB0v0BHA9w6Yk
469,P0470,74.57,Electronics,TR4haVAYAowWtE8D2gTL6L7KVCaQfVbmM5m9wOjyt9qlMcZOyP
470,P0471,66.05,Sports & Outdoors,4nJCDuRAyl2GaUIGlwogoR5iBHGf9PzUynF0P6QXM6GMSnmva1
471,P0472,29.54,Books,NzPmANy4ubr5g9vuSjvB1MlwMPRp12FbdBv8kXVbpetmPi7YDL
472,P0473,46.14,Clothing,U8riO35bLGa8SJGScgLH5gQ4eV3ncRa4sDomvgdjf1PsvUMDFn
473,P0474,1.82,Home & Kitchen,HEvJfCXLf8TCNrBn5pY7gJRAFOZHwmA1NB4NAPaCtSxUyyldN5
474,P0475,72.61,Sports & Outdoors,6UBaIxbOTmnJAzzpDLW9ucARCikXGB7t2DS8V1vLWoezMEGZXg
475,P0476,16.45,Books,TU1N8jdKgH8eXpnveV5O8NYADuKyPx4uVEAyTNkv3o47YYB7A7
476,P0477,41.0,Sports & Outdoors,DhJlESK7q4y45giKSy7nH72FI5LdH0JSogEfOGsnss0kk8X00x
477,P0478,85.45,Electronics,Gv3tIxJVzTqgOFm0ifX83YszqEEe1ZNjrJkXryWkX4xo84uMhz
478,P0479,11.4,Clothing,6Bw9ZWpHQSOZyGZn5U2PBJqpcQb8JTi4V0lbQNbpwH8c3EGYoR
479,P0480,34.05,Books,gv0ZBkGvP383Cc7sKOMVOwc2cAY3Np93McST3rZBLl0IsNMfd7
480,P0481,76.44,Clothing,ot82eKCTTJeVBRPIpAtamTYESnzagsvuPXjbShTuMCvfDphdGQ
481,P0482,72.12,Books,LZiEJQyow0T82dyuOVT4VhISUjLuwj2CRIxp4JqSpIhjWvucjv
482,P0483,77.83,Home & Kitchen,jflLzAkMBvyatpYaNHJ4KOxbh4t93TJXEEGevQsO1yZGD8SSfq
483,P0484,5.69,Home & Kitchen,sPs6f1o4VrhaBPt757FEMMnABaNbUlBvAxxqFlhZmcD2tXfTnM
484,P0485,1.32,Home & Kitchen,gRuzOjE2h0YyfT7ZBO4Au9pADulWWL9WziCE8pUrAIsum3uAvs
485,P0486,50.06,Home & Kitchen,sF5jAUvrPuHSCKCyH1ciYdthJhBYTV5SsRqd2rYYbVHwnevaDA
486,P0487,56.98,Sports & Outdoors,RRae3vjyWPcFndJhx0omMkBsZ0CT0hl9HW5TgchU0LcvDtEuT6
487,P0488,43.96,Books,mjoPGCnJ0lGNMB74JD4Rh5jxIzt0KSFK8ViIEcITNlff6LEOez
488,P0489,21.88,Sports & Outdoors,0NkLNhYMR9S39PUFxHk5SVpswOaZ2O3rnqcaFMJ67PrZX35en8
489,P0490,63.08,Books,e99sFNTvO1Y418sJzybjPxWTRMtc3ZwIaAEMygiYv3RdQva4TD
490,P0491,47.16,Clothing,uAbniY12AoxmdW2aVKOhsL61JwRLBMDquNbXjrOS1UvhDonZnB
491,P0492,27.25,Sports & Outdoors,J3Z0RFBl6uewGRfYx2zfNhyTh1MAVXqJNi8YuvNJAVQE2QK50B
492,P0493,61.32,Sports & Outdoors,tyjqZFLD5npYeLF0TiOQFs5ujB0cCc3kFu5oQbwHY9ruL8hReo
493,P0494,8.46,Sports & Outdoors,XNYzTeiOeZB6dl8kMbROvkjqibxFa2o7cdApfHNtwkakxSELPB
494,P0495,86.92,Clothing,23mRp9L0inqjSSW2oBdztSmSvDWcOTxRCxvQIAJ3IZyFUTQTb2
495,P0496,60.4,Clothing,Rr2fU3MOQNxxcFeSmk6sQAkCVtqNkjUCzn02LybfiXaj3jG3wH
496,P0497,35.18,Electronics,eoOQDA8m0xo4OYqZ2guELSYc0PqyZcZQukLrzQNNz3v6Ir51bv
497,P0498,15.86,Home & Kitchen,2ITgb3ygP6YG0J4EbtiKJxMGHll2uN4Uh58yahvZCEgV2OYQLs
498,P0499,36.73,Clothing,BXhtIGegdsEhB7NHxB4lsyk4Gdk6kVmEca1hN3OEuIHsihTf6l
499,P0500,75.57,Home & Kitchen,9mqT0W9pQOJzrqr0QlBY6QzDzHRs837FxfmblWvKxQtm7onO5h
500,P0501,36.91,Sports & Outdoors,19VH1i3UTBNsYPADMWI1JPG8gzCoOjuJe2MQ76MZXYPBWSCmWp
501,P0502,30.26,Home & Kitchen,mfj28HLGXO0y5X90SCN3zQQiG2QlHrCH4dwBMyPZldCusoyUUb
502,P0503,28.99,Electronics,RZSmZHeV1TMZb10dgsrRdvwwpHP5RUUvVUpsxdTY2x87qPs2qt
503,P0504,36.65,Clothing,f7VJ76SKHQZe2HaNBs3rmzeKt5hhqZFWLwxbEF60jlMIiELTT7
504,P0505,9.5,Home & Kitchen,w0hV753hgWDXh9DYpWpWwyfAmxJLSWhwtsoUNzhId2yr7VqL5g
505,P0506,49.72,Sports & Outdoors,AuBKoBDhnAknqgCe5oF6z9NlKvtTa3VnAqcxbm55p2uCvuGHBA
506,P0507,12.51,Electronics,8yRRfOJYrMSLrscPpAt1fI0BYWhev9PalGP7vVQmOxKlxe2P8u
507,P0508,73.52,Sports & Outdoors,j6x6iNdO0n3kQWkjls5zFUerwDLLKTgwfS7dqstvren1Vgy3tg
508,P0509,60.72,Clothing,7haCnf1NkJ6praf1Tx62jNwbKRrOdRuVC0uzzZC6iB2ggziB1L
509,P0510,42.9,Clothing,XyVxj2vAOmWrXGdGD5cvpLlltwtcC3rHXWw5IYDEgNLMopbKSI
510,P0511,81.85,Home & Kitchen,FaYC923ceDEbwmscrF2OZiski2OZotEXkpksr9Q82AW9HfLigr
511,P0512,46.28,Sports & Outdoors,7nNbig9gWRmUMIADLyguWNSB5RgEAMXQy6co9ZKTxim8pezDJR
512,P0513,23.77,Home & Kitchen,zBPQZWOeGtFLJWT61MFIF1jXcXF1D1P7OaGZoB4XfE5XyLIiVs
513,P0514,23.68,Home & Kitchen,pNDiOq9kj83xuYE0D8tVjqLTGkhsR0FHsISSwiawJq1HaNB4NQ
514,P0515,80.71,Electronics,dDgELq51yRKcVUzXyCthYtzCifqJhpeqYy7sWxQoep7M5O37EA
515,P0516,23.73,Sports & Outdoors,pLuNMZQto7IJbmhrS2jID1MGyBg87XxXPlCgnpbbdRFnTtx1Mn
516,P0517,52.97,Home & Kitchen,AzXPFQuWivRFbgYj0Z02MzDxoKy1EoLx5wZMNydlaucILxQCYn
517,P0518,75.91,Clothing,smYjLdJANitEQh8CoifutzFs8OUsvUKkv3PxtjLksRChijBPSw
518,P0519,3.45,Home & Kitchen,SJLZoytHukM4wEUFnJ19dlpySgkOpcOuivDnZHidymBY8ZcuNb
519,P0520,88.9,Clothing,HZLf5XYhafPWYMSaaus6mHhgEDWWufcYUBnJEQa5BFOtLMwSaM
520,P0521,20.31,Home & Kitchen,mEZdfBKsFU1k4ZiOc6gW9eniAlNFM3UNqLOEmZtYxY36WU0u08
521,P0522,31.71,Electronics,7ssADqDbM8yAgSrU8NuFkS9Mi9eEiMGpH5ixyfnib6w8V7pbLT
522,P0523,59.92,Clothing,yk3xacLJpAC4Ey9xdYRUF0zJYONAPYjG1zgh9xpm0rHKzdgJXy
523,P0524,19.23,Electronics,yTUhfpCbF18KbbfkNWiWZEEs2mpIrLwepdKbZmfYWkvkSdMrEY
524,P0525,73.64,Books,FAN6dglHuksytkVCyVuiirT2jp5P3Me1ovVIwyARy0Sg9vHZNp
525,P0526,24.26,Electronics,mO1OtNneFrMPAaG5DcDfSgE7vMDmmEcVwnwTHuNU14sr9JbZi6
526,P0527,88.27,Clothing,pACf5glxc43RNCq5qj3VYXdpB3uBJduR2xzuC4ZlWqOVBPFDxo
527,P0528,98.65,Home & Kitchen,JxCSATOnqxNcHBAiOqTsRplo0qaQEH8Yb9D5YrhtRFSKwwTClX
528,P0529,59.82,Electronics,C5PUiNGE8DO0v5kXnNMsfmVScgW4j9tuxczbo8haNN9MtByH41
529,P0530,51.29,Home & Kitchen,Z8eatJfPIdYuB2XmqnmHjuUC2E2MINYw13gXj8g4qHqvEfp75w
530,P0531,53.56,Books,yWgzmplzQ0g2klXiRg6XzXymhuFOdDibmtjZ1w8TdwjRqW6SEJ
531,P0532,46.07,Clothing,TztFb2Y3zLtYvjHbCKEAD9XQe1ccXwkxyPX6TryMBfXAHNSweO
532,P0533,21.09,Home & Kitchen,V8TlUJVI5Hb9zwsRNwrjEB2mbsVb9uhDzPBrIJ8rwROMzYi8EO
533,P0534,78.95,Clothing,e0gA09Ibc0rE4AcVLamfVzfpQa4N9S18gY1I8nIaaPLNolL9ud
534,P0535,7.72,Clothing,fDHUbeTGFMnjs9CtZdGfWPzVYJOoBdmMyVz8Cf1XosBeWBCTLw
535,P0536,84.88,Home & Kitchen,ts4iVfWpV0PqBkzpBybOeHPWgo80jxOdLU5gfWCdXS0wvXE70t
536,P0537,89.54,Sports & Outdoors,CzT2ZAIIEecy60dw0AiA0Prw1UWkESz4WRkiBmPbwzD6ffGY20
537,P0538,4.89,Sports & Outdoors,TMtTcBNZxWc5TsovDdoHlBHnGXQg59qu8aWVuO6T3SIV5lrU8s
538,P0539,17.05,Sports & Outdoors,7ROePfTP8Oq0M4jRJ1SHPB46GCY78eWY6siKX6Na7hb4MsaUIA
539,P0540,47.95,Clothing,w9InCZ8OgGO5AKT5RVq2ZsWwzPRRKEH5PuCXOnGtEPUVYO07G4
540,P0541,25.29,Books,CPYyaI5j8DmrToImWkMKLbEVGXOEyU277iGW1BOIAQHJztDDqp
541,P0542,46.12,Home & Kitchen,LyFP6n0AgHIsmUKJWCMDKYmz4tgPBZVyyBf38yBX6ZSKYBGn4N
542,P0543,47.52,Clothing,Zm1aABoup16WP1WHqgxttXHhwcmUnHapNLsiB4J5Jdx96qyVEs
543,P0544,80.22,Books,DK1A2SvPkSzqDN4yQ4e4zfmCluvHHoKiQ3UaUyfKU7aa4zDwoj
544,P0545,52.45,Home & Kitchen,SfJ0opsx5gqclGVLS4xJduvF6aRJbk5kvhjf8BDfLMTynrc2SO
545,P0546,73.04,Sports & Outdoors,0F3BHeDUdVKk6BoXJa6SCJA7TDvgsyPhW3R3fhz1Je42RVeYD5
546,P0547,94.78,Electronics,4giI3ejIu10MVVuOn4aMRzI8hiDJTiQixRouWrL7emaVB2WfhZ
547,P0548,84.14,Sports & Outdoors,mxzT8bxK3mG3E0mQgb8BjViQ778tfSPVOt41hpcrbIIRQtzUGp
548,P0549,59.39,Clothing,XwbMv7ULbZalTxDCayMOoZ7pnsmXyz7HnEA7naU5AdEC5FskO4
549,P0550,36.18,Electronics,mvpqZStlRFZdCpXPaGlgPPajjV4pIWcbARak2Ky601xBQOfEUv
550,P0551,72.08,Electronics,97yey74VOSh5dd0hxWCMpnwMoRKvQVKyXY631PilssKlV8Bo9g
551,P0552,80.77,Sports & Outdoors,0ncxWOUZCC8N3r0UDS1oBnUMSnYydyjDGGImxdpkHPOO4LEeUR
552,P0553,13.51,Electronics,RPimp9fCmqNlthbTJDncxzUiCKvThYlum4qWKfRPBLM46v5zr0
553,P0554,42.83,Clothing,TteUZNrAl3eMlXFKxQwANOsFAYtLgZlpmzs16dWxnqHsUI3u6L
554,P0555,64.37,Books,NRiNdUaFhdL1wI2eDd7tzW29bMcogzbp3chVrCyph60jLunLIQ
555,P0556,74.2,Clothing,D8YZed70kY42DENFsc9UNucsUpoMC05XKg9mKKv7i4jIbBASLO
556,P0557,74.44,Books,GFySoYRuFpjGDr4aFklgwnD2hI4QUAIcqWpaoeowsHASVCCYMW
557,P0558,33.54,Books,gbeTHJYBU1cm1w9ecnEtC3STti1KIOqX5rcYHHMb9hSqGVWY4x
558,P0559,21.0,Clothing,R6lnb9VpZjdEOgaqBFmM8Ep9qFZNvbmHpid9EzWeDBcU9Q3pWH
559,P0560,34.65,Home & Kitchen,kPkU99WSPUMEon3PjMEFIghYl1g3irRe0sxLHbmKTHQHfggg4u
560,P0561,46.75,Clothing,Gz4G3fahlj3NBgGbc6hVZUWLDdJ8hiiqjiutj1deNVk9N3HZ7N
561,P0562,78.93,Sports & Outdoors,rD7Y3MF4zvS6zFnBGeUslQZ8AQp46jiaXWgRaAEqSCxXXvJRgZ
562,P0563,63.17,Sports & Outdoors,XhscouNCn9aBuy6hbmQLp2AcQ014xuGBFeZ41fIt5WVMWGX7PL
563,P0564,91.73,Home & Kitchen,kZ8MvKMWoFIDnNvkdCR4RibLgtalj5kTXR3o1Dxpm8dr181o3m
564,P0565,93.63,Sports & Outdoors,zz77Qu5N34NZ5k8vFxPijyiDvZr7NZTFTm0zfYqSEsGYjBATJb
565,P0566,96.25,Electronics,LLK2qu25DEaOGQpogrZnPA6Xw12iMYl8KamaqxkX69RdwNp3rQ
566,P0567,98.27,Electronics,N0oHKISXSe7uIsq0hIPayWudfQ12pCnWoeN6aHM7QI3F9fKeWt
567,P0568,69.74,Sports & Outdoors,jFNkB2sCA8SVvPEEKHXjsgCDv3MsZACOHxH5H66PyMjrP7wolK
568,P0569,34.53,Books,u3PkcxPAz7VjQDomqwZCTX17KPttjq2ckDxwOp9FV2krtjvr73
569,P0570,57.53,Clothing,GspFqtW0NkGz0QIPk9OBy2exBZgAKbptS36EfOHHR1AckJHT9w
570,P0571,31.39,Sports & Outdoors,m3GqGCopYFjWsXIqY0EYXmgaONW6df37bU83HqDkivQFpy3G9u
571,P0572,75.01,Electronics,umPTqky5pE6QZX2Bo1zWv7mcT9ES5dDCh0C4vokXwfyOjYvWwH
572,P0573,62.56,Electronics,JntFwurKQXaELsq1xXynrxBo2LAVvSSQazR4y5YjR3sxicyhuT
573,P0574,89.9,Home & Kitchen,9q67LOlQRARQThwtCjtaXDkI8M0zuthsbMx9QqLctbnHxkTcIs
574,P0575,38.05,Electronics,lW4UuMAiTHwZmAuJlWEBCbLyqvV3PPfYAgRsf5ttYKSgHSPvWL
575,P0576,47.82,Sports & Outdoors,g4ZlHL4kv3XFVsQBaWM97XnkJgY42nvo6N0DV2NPEpXN2B6igq
576,P0577,12.31,Books,yzbVs9mWzk3i4CHFXGbHnokFSnwL2AxdlhAtGLphUf0xNoIbHy
577,P0578,89.55,Sports & Outdoors,0e0pv9Ds82VckJS2WJO4qHy1zFMkkfwVqaOUXjsAPMneNnAnph
578,P0579,95.06,Sports & Outdoors,gK7QqR2gyxwxRs6AlBqHZm5IGsHmMRFNwjKFA4NPoTeCDjh8CW
579,P0580,9.33,Books,Phxq8N9js0jEaWnhbnlLqhmakx2mf1nKFSNxuG8zagxxgbdAFw
580,P0581,1.21,Electronics,Zgg38fmUmaR8ZTDS9c1cNnB7YHXFH6MDaL54aAsbfgFa8hy1xp
581,P0582,63.39,Books,sPbBp4rxQREOwdG8futQzVSqyLv8vY9VKXQ7qmo1anjelvrZKX
582,P0583,28.98,Books,OqOXEKhxK6ZOGis8Jk38dAhZLOBqG1nWQ9wLn7nyXW2xG2ptRB
583,P0584,78.17,Clothing,xWaXaV866N3uJHOCwm0Ma3IvSLOA3vdQY675ha5iw7t2lkA5CF
584,P0585,4.6,Books,NumyLHsHFg2xG1z6uiNNpGMGUxSSvaP9VDkBg5KtlXqgcQMsR9
585,P0586,57.67,Books,oMYwPbihbHc8G6JFo4Lja83bo4NdzMrBTC8PYQd2mi6XzXJxKk
586,P0587,37.88,Books,oZUnsiZ7zMiznR6WO7fETMsQkT9oaXknztBS91I9xHxBe6jPSO
587,P0588,23.29,Sports & Outdoors,UnPRW8OaD1O5Z6NFIvMtpLECTuvqIBzCGBcJrPBCrbadQe45Rf
588,P0589,80.52,Home & Kitchen,6cpKu5SycCMH5Wm0CDKGobTQ6b5PKO9osmi7mAUGSvkWQxkVId
589,P0590,99.52,Books,Nj8Kex0voeQ7nENy5usQx6Gh5JhXP7e7wsV4KP1sHxo9BUN95N
590,P0591,11.15,Clothing,PjWUFHsnKVj29wnLdDJ9ZO5xIbLdfaaG2ytmJm8LrGgUGVK39p
591,P0592,85.66,Books,wUMcIiCFB0XtdEzywgNfkV4PmafFevjeBgNYBEXYwjL2MPcvp7
592,P0593,31.62,Books,LC0R6XaY7DboqV1SY5Owtx2smML4KxDepylPqN4yhwZtL7lnuu
593,P0594,32.74,Home & Kitchen,R1ldRs8KD3poXHToeGP77nfeDOfLZcgIjbLASt8QFNN3oR2ARj
594,P0595,87.58,Clothing,QSEIXvOHAlKNiAtPsKRlgRved7AqVJNsPFZydK9hDRVdZIIqOZ
595,P0596,14.5,Home & Kitchen,ooFtlWXZfdN8Lo75Nvdbc0yJpOKbyuSepeKWfjEsagEpNLqU3W
596,P0597,34.23,Electronics,MVubc35s8NZOjMuGchcaDv53uAAA3UYu6iarCEiSmQEFwy2vd5
597,P0598,31.16,Books,ajscjQ9ZQBPQ5eAzbHJXNv1xG8lSYXFi1Zyi66NeAUdU22gZ1s
598,P0599,72.33,Clothing,msikU2NDRKRgfapWE19Kp6QJRdywxHgl81xVR7duwHw1lh8qOI
599,P0600,41.96,Sports & Outdoors,MhSrwtkHwPKXGCwceiETSGg1hyFJAtb8GQ6kQoWECVJgZUM9sq
